1,Marat,18,male,2022-04-01 15:56:09.520727
2,Dayana,18,female,2022-04-01 15:56:09.520727
1,Marat,18,male,2022-04-01 15:56:22.607668
2,Dayana,18,female,2022-04-01 15:56:22.607668
1,Marat,18,male,2022-04-01 15:57:18.287924
2,Dayana,18,female,2022-04-01 15:57:18.287924
1,Marat,18,male,2022-04-01 15:58:08.861161
2,Dayana,18,female,2022-04-01 15:58:08.861161
1,Marat,18,male,2022-04-01 15:58:28.657254
2,Dayana,18,female,2022-04-01 15:58:28.657254
1,Marat,18,male,2022-04-01 15:59:40.663930
2,Dayana,18,female,2022-04-01 15:59:40.663930
1,Marat,18,male,2022-04-01 15:59:49.818898
2,Dayana,18,female,2022-04-01 15:59:49.818898
1,Marat,18,male,2022-04-01 16:00:00.749474
2,Dayana,18,female,2022-04-01 16:00:00.749474
1,Marat,18,male,2022-04-01 16:00:10.411491
2,Dayana,18,female,2022-04-01 16:00:10.411491
1,Marat,18,male,2022-04-01 16:00:31.374303
2,Dayana,18,female,2022-04-01 16:00:31.374303
1,Marat,18,male,2022-04-01 16:00:49.582909
2,Dayana,18,female,2022-04-01 16:00:49.582909
1,Marat,18,male,2022-04-01 16:01:51.030917
2,Dayana,18,female,2022-04-01 16:01:51.030917
1,Marat,18,male,2022-04-01 16:03:01.132733
2,Dayana,18,female,2022-04-01 16:03:01.132733
1,Marat,18,male,2022-04-01 16:03:19.486344
2,Dayana,18,female,2022-04-01 16:03:19.486344
1,Marat,18,male,2022-04-01 16:03:53.718440
2,Dayana,18,female,2022-04-01 16:03:53.718440
1,Marat,18,male,2022-04-01 16:04:17.662600
2,Dayana,18,female,2022-04-01 16:04:17.662600
1,Marat,18,male,2022-04-01 16:06:35.008066
2,Dayana,18,female,2022-04-01 16:06:35.008066
1,Marat,18,male,2022-04-01 16:12:51.301840
2,Dayana,18,female,2022-04-01 16:12:51.301840
1,Marat,18,male,2022-04-01 16:13:33.648304
2,Dayana,18,female,2022-04-01 16:13:33.648304
1,Marat,18,male,2022-04-01 16:13:47.443585
2,Dayana,18,female,2022-04-01 16:13:47.443585
1,Marat,18,male,2022-04-01 16:14:05.227353
2,Dayana,18,female,2022-04-01 16:14:05.228350
1,Marat,18,male,2022-04-01 16:16:54.802108
2,Dayana,18,female,2022-04-01 16:16:54.802108
1,Marat,18,male,2022-04-01 16:17:24.971563
2,Dayana,18,female,2022-04-01 16:17:24.971563
1,Marat,18,male,2022-04-01 16:18:00.224569
2,Dayana,18,female,2022-04-01 16:18:00.224569
1,Marat,18,male,2022-04-01 16:19:57.245598
2,Dayana,18,female,2022-04-01 16:19:57.245598
1,Marat,18,male,2022-04-01 16:20:14.049831
2,Dayana,18,female,2022-04-01 16:20:14.050859
1,Marat,18,male,2022-04-01 16:20:31.345589
2,Dayana,18,female,2022-04-01 16:20:31.345589
1,Marat,18,male,2022-04-01 16:22:07.660428
2,Dayana,18,female,2022-04-01 16:22:07.660428
1,Marat,18,male,2022-04-01 16:22:28.628857
2,Dayana,18,female,2022-04-01 16:22:28.628857
1,Marat,18,male,2022-04-01 16:22:49.530503
2,Dayana,18,female,2022-04-01 16:22:49.530503
1,Marat,18,male,2022-04-01 16:23:51.754216
2,Dayana,18,female,2022-04-01 16:23:51.754216
1,Marat,18,male,2022-04-01 16:24:13.404573
2,Dayana,18,female,2022-04-01 16:24:13.405080
1,Marat,18,male,2022-04-01 16:25:35.508571
2,Dayana,18,female,2022-04-01 16:25:35.508571
1,Marat,18,male,2022-04-01 16:27:05.020946
2,Dayana,18,female,2022-04-01 16:27:05.020946
1,Marat,18,male,2022-04-01 16:28:57.263213
2,Dayana,18,female,2022-04-01 16:28:57.263213
1,Marat,18,male,2022-04-01 16:52:06.067930
2,Dayana,18,female,2022-04-01 16:52:06.067930
1,Marat,18,male,2022-04-01 16:52:45.680318
2,Dayana,18,female,2022-04-01 16:52:45.680318
1,Marat,18,male,2022-04-01 16:52:58.630676
2,Dayana,18,female,2022-04-01 16:52:58.630676
